order_id,user_id,timestamp,day_of_week,fulfillment_type,order_total_sgd,yuu_points_earned,promo_applied
O000485,U0060,2024-01-01 06:38:13,Monday,In-Store,64.83,64,True
O000569,U0069,2024-01-01 14:38:04,Monday,In-Store,149.6,149,True
O000156,U0022,2024-01-02 00:48:41,Tuesday,In-Store,124.78,124,True
O000457,U0058,2024-01-02 05:06:47,Tuesday,Click and Collect,69.54,69,True
O000014,U0003,2024-01-02 06:36:46,Tuesday,Click and Collect,88.29,88,False
O000097,U0013,2024-01-02 12:41:48,Tuesday,In-Store,55.84,55,False
O000540,U0065,2024-01-02 14:33:10,Tuesday,Click and Collect,188.02,188,False
O000180,U0024,2024-01-02 15:30:49,Tuesday,In-Store,180.97,180,False
O000607,U0071,2024-01-03 03:38:05,Wednesday,In-Store,256.95,256,False
O000479,U0060,2024-01-03 15:07:48,Wednesday,In-Store,99.97,99,False
O000041,U0006,2024-01-03 18:11:26,Wednesday,In-Store,203.23,203,True
O000422,U0053,2024-01-04 07:45:40,Thursday,In-Store,232.49,232,True
O000369,U0044,2024-01-04 07:54:18,Thursday,In-Store,212.41,212,True
O000345,U0041,2024-01-04 08:04:22,Thursday,In-Store,175.46,175,False
O000221,U0028,2024-01-04 15:50:24,Thursday,In-Store,160.63,160,False
O000099,U0014,2024-01-05 00:58:02,Friday,Click and Collect,165.15,165,True
O000171,U0023,2024-01-05 02:05:15,Friday,Click and Collect,65.81,65,True
O000018,U0003,2024-01-05 10:00:50,Friday,Click and Collect,192.04,192,False
O000290,U0034,2024-01-06 02:50:33,Saturday,Click and Collect,156.88,156,True
O000294,U0034,2024-01-06 08:52:29,Saturday,In-Store,208.9,208,False
O000116,U0017,2024-01-06 09:53:47,Saturday,In-Store,188.07,188,True
O000179,U0024,2024-01-06 10:43:01,Saturday,Click and Collect,15.74,15,False
O000463,U0059,2024-01-06 10:43:26,Saturday,In-Store,252.27,252,False
O000278,U0033,2024-01-06 12:48:18,Saturday,In-Store,16.03,16,True
O000067,U0008,2024-01-06 14:01:44,Saturday,In-Store,12.05,12,False
O000177,U0024,2024-01-06 20:40:32,Saturday,Click and Collect,144.51,144,False
O000620,U0072,2024-01-07 06:45:18,Sunday,Click and Collect,158.41,158,False
O000236,U0029,2024-01-07 13:25:01,Sunday,In-Store,67.09,67,False
O000629,U0074,2024-01-08 18:01:55,Monday,In-Store,95.5,95,True
O000348,U0041,2024-01-08 20:51:26,Monday,In-Store,234.66,234,True
O000511,U0062,2024-01-09 07:12:28,Tuesday,Click and Collect,18.45,18,True
O000411,U0051,2024-01-09 07:48:42,Tuesday,Click and Collect,106.33,106,False
O000512,U0062,2024-01-09 11:14:04,Tuesday,Click and Collect,116.92,116,True
O000514,U0062,2024-01-09 19:54:55,Tuesday,Click and Collect,120.51,120,True
O000440,U0056,2024-01-10 02:50:29,Wednesday,Click and Collect,250.05,250,True
O000622,U0072,2024-01-10 09:38:50,Wednesday,Click and Collect,167.86,167,False
O000364,U0044,2024-01-10 12:43:24,Wednesday,Click and Collect,156.57,156,True
O000594,U0071,2024-01-10 16:36:06,Wednesday,In-Store,109.65,109,False
O000378,U0046,2024-01-11 07:10:08,Thursday,In-Store,192.8,192,True
O000394,U0049,2024-01-11 17:01:18,Thursday,In-Store,21.38,21,True
O000119,U0018,2024-01-12 03:07:10,Friday,In-Store,51.16,51,False
O000355,U0042,2024-01-12 09:47:09,Friday,In-Store,122.47,122,False
O000580,U0070,2024-01-12 13:17:19,Friday,Click and Collect,154.45,154,True
O000176,U0024,2024-01-12 13:39:02,Friday,In-Store,128.56,128,True
O000105,U0015,2024-01-13 01:50:36,Saturday,In-Store,142.28,142,True
O000354,U0042,2024-01-13 14:39:14,Saturday,In-Store,113.73,113,True
O000031,U0005,2024-01-13 20:34:30,Saturday,In-Store,85.04,85,True
O000567,U0069,2024-01-13 20:56:55,Saturday,In-Store,97.41,97,True
O000470,U0059,2024-01-14 01:01:44,Sunday,Click and Collect,135.03,135,False
O000138,U0019,2024-01-14 02:38:08,Sunday,In-Store,65.71,65,False
O000185,U0024,2024-01-14 10:46:14,Sunday,Click and Collect,50.19,50,False
O000224,U0028,2024-01-14 20:42:58,Sunday,In-Store,58.2,58,True
O000142,U0020,2024-01-14 23:15:47,Sunday,Click and Collect,238.97,238,True
O000088,U0012,2024-01-15 04:27:49,Monday,Click and Collect,57.3,57,False
O000228,U0028,2024-01-15 07:42:42,Monday,In-Store,82.34,82,False
O000603,U0071,2024-01-15 14:44:46,Monday,In-Store,120.2,120,False
O000004,U0001,2024-01-16 08:41:17,Tuesday,In-Store,67.65,67,False
O000376,U0046,2024-01-17 01:05:45,Wednesday,In-Store,173.99,173,True
O000500,U0061,2024-01-17 10:27:38,Wednesday,In-Store,28.68,28,True
O000146,U0021,2024-01-17 15:25:25,Wednesday,Click and Collect,78.78,78,False
O000183,U0024,2024-01-17 15:57:43,Wednesday,Click and Collect,30.38,30,False
O000300,U0034,2024-01-17 19:08:00,Wednesday,Click and Collect,124.33,124,True
O000531,U0065,2024-01-18 00:20:58,Thursday,In-Store,234.19,234,True
O000095,U0013,2024-01-18 00:24:33,Thursday,In-Store,47.97,47,False
O000563,U0068,2024-01-18 08:56:21,Thursday,In-Store,212.11,212,True
O000538,U0065,2024-01-18 13:03:00,Thursday,Click and Collect,61.28,61,True
O000583,U0070,2024-01-18 13:36:05,Thursday,Click and Collect,98.62,98,True
O000432,U0054,2024-01-18 18:26:17,Thursday,In-Store,291.69,291,False
O000015,U0003,2024-01-18 20:18:32,Thursday,Click and Collect,188.3,188,True
O000130,U0018,2024-01-19 02:32:12,Friday,In-Store,47.42,47,False
O000229,U0029,2024-01-19 19:34:48,Friday,In-Store,89.47,89,False
O000323,U0038,2024-01-19 21:08:13,Friday,Click and Collect,40.85,40,True
O000075,U0011,2024-01-19 21:41:02,Friday,In-Store,131.5,131,True
O000486,U0060,2024-01-20 03:50:12,Saturday,In-Store,62.11,62,True
O000517,U0063,2024-01-20 06:04:10,Saturday,In-Store,249.57,249,True
O000230,U0029,2024-01-20 07:32:51,Saturday,In-Store,167.67,167,True
O000506,U0062,2024-01-20 08:46:26,Saturday,Click and Collect,89.34,89,True
O000421,U0053,2024-01-20 12:10:16,Saturday,In-Store,46.52,46,True
O000307,U0036,2024-01-20 17:01:18,Saturday,In-Store,211.24,211,True
O000217,U0027,2024-01-21 04:57:37,Sunday,In-Store,27.56,27,True
O000408,U0051,2024-01-21 21:05:30,Sunday,Click and Collect,88.11,88,True
O000317,U0038,2024-01-21 22:07:38,Sunday,In-Store,130.28,130,True
O000370,U0045,2024-01-22 01:29:21,Monday,In-Store,185.23,185,True
O000496,U0061,2024-01-22 08:13:03,Monday,In-Store,235.14,235,True
O000202,U0026,2024-01-22 13:41:00,Monday,Click and Collect,10.81,10,False
O000178,U0024,2024-01-22 14:32:24,Monday,Click and Collect,223.53,223,False
O000340,U0040,2024-01-22 15:18:39,Monday,In-Store,82.1,82,False
O000529,U0064,2024-01-22 18:35:12,Monday,In-Store,252.3,252,True
O000079,U0011,2024-01-23 01:13:16,Tuesday,In-Store,50.65,50,False
O000094,U0013,2024-01-23 02:58:40,Tuesday,In-Store,209.18,209,False
O000420,U0052,2024-01-23 08:42:43,Tuesday,In-Store,104.22,104,False
O000591,U0070,2024-01-23 14:01:00,Tuesday,In-Store,184.15,184,False
O000193,U0025,2024-01-23 18:13:29,Tuesday,In-Store,120.41,120,False
O000164,U0023,2024-01-24 01:36:44,Wednesday,Click and Collect,163.06,163,True
O000362,U0043,2024-01-24 06:05:22,Wednesday,In-Store,32.4,32,True
O000483,U0060,2024-01-24 06:50:41,Wednesday,In-Store,233.89,233,True
O000283,U0033,2024-01-24 08:32:05,Wednesday,Click and Collect,113.96,113,True
O000444,U0056,2024-01-24 23:06:47,Wednesday,In-Store,260.71,260,True
O000219,U0028,2024-01-26 04:31:17,Friday,In-Store,73.71,73,True
O000366,U0044,2024-01-26 19:38:53,Friday,In-Store,84.46,84,True
O000289,U0034,2024-01-26 19:58:31,Friday,In-Store,59.08,59,False
O000623,U0073,2024-01-26 20:02:54,Friday,In-Store,230.04,230,False
O000570,U0069,2024-01-27 00:25:18,Saturday,In-Store,97.01,97,False
O000157,U0022,2024-01-27 01:27:16,Saturday,In-Store,151.52,151,True
O000636,U0075,2024-01-27 16:39:35,Saturday,In-Store,95.33,95,True
O000410,U0051,2024-01-27 20:08:51,Saturday,Click and Collect,139.94,139,True
O000417,U0051,2024-01-27 20:24:35,Saturday,Click and Collect,171.81,171,False
O000061,U0008,2024-01-28 01:45:34,Sunday,In-Store,32.14,32,False
O000285,U0033,2024-01-28 05:51:38,Sunday,Click and Collect,224.99,224,True
O000368,U0044,2024-01-28 07:41:58,Sunday,Click and Collect,39.56,39,True
O000192,U0025,2024-01-28 13:00:02,Sunday,In-Store,79.66,79,True
O000121,U0018,2024-01-28 15:38:28,Sunday,In-Store,81.26,81,False
O000110,U0017,2024-01-28 15:54:51,Sunday,In-Store,156.94,156,False
O000292,U0034,2024-01-29 00:10:29,Monday,In-Store,129.44,129,True
O000488,U0060,2024-01-29 04:26:29,Monday,In-Store,164.5,164,True
O000059,U0008,2024-01-29 19:18:24,Monday,Click and Collect,79.44,79,True
O000108,U0016,2024-01-29 22:18:33,Monday,In-Store,120.12,120,True
O000058,U0008,2024-01-30 05:22:18,Tuesday,In-Store,221.94,221,True
O000306,U0036,2024-01-30 06:14:05,Tuesday,In-Store,99.5,99,False
O000016,U0003,2024-01-30 17:57:07,Tuesday,Click and Collect,215.11,215,True
O000310,U0037,2024-01-30 21:43:14,Tuesday,In-Store,66.62,66,False
O000360,U0043,2024-01-31 05:00:08,Wednesday,In-Store,201.76,201,False
O000343,U0040,2024-01-31 16:47:27,Wednesday,In-Store,104.79,104,False
O000559,U0068,2024-02-01 16:28:57,Thursday,In-Store,169.54,169,False
O000186,U0024,2024-02-01 22:46:50,Thursday,Click and Collect,134.83,134,False
O000160,U0022,2024-02-02 01:28:58,Friday,In-Store,163.67,163,True
O000429,U0054,2024-02-02 01:37:15,Friday,In-Store,118.74,118,False
O000195,U0025,2024-02-02 03:59:58,Friday,In-Store,247.96,247,True
O000144,U0021,2024-02-02 04:47:38,Friday,In-Store,105.81,105,False
O000600,U0071,2024-02-03 07:47:13,Saturday,In-Store,81.29,81,False
O000374,U0045,2024-02-03 10:12:26,Saturday,In-Store,181.57,181,True
O000324,U0039,2024-02-03 21:36:28,Saturday,In-Store,106.77,106,False
O000265,U0031,2024-02-04 01:21:51,Sunday,In-Store,72.11,72,True
O000454,U0058,2024-02-05 01:42:14,Monday,Click and Collect,284.49,284,True
O000070,U0009,2024-02-05 02:48:54,Monday,In-Store,231.23,231,True
O000338,U0040,2024-02-05 13:12:16,Monday,In-Store,147.12,147,True
O000211,U0027,2024-02-05 17:42:24,Monday,In-Store,164.04,164,True
O000251,U0030,2024-02-05 20:16:07,Monday,In-Store,66.65,66,True
O000381,U0047,2024-02-06 05:34:05,Tuesday,In-Store,116.93,116,False
O000618,U0072,2024-02-06 20:52:28,Tuesday,In-Store,192.99,192,True
O000215,U0027,2024-02-06 22:06:07,Tuesday,In-Store,131.99,131,False
O000199,U0026,2024-02-07 02:52:07,Wednesday,In-Store,240.21,240,True
O000008,U0002,2024-02-07 07:40:51,Wednesday,In-Store,189.04,189,True
O000613,U0072,2024-02-07 13:11:54,Wednesday,Click and Collect,39.18,39,False
O000268,U0032,2024-02-07 14:13:13,Wednesday,In-Store,249.54,249,False
O000190,U0025,2024-02-07 23:22:36,Wednesday,In-Store,249.24,249,True
O000062,U0008,2024-02-08 00:06:04,Thursday,Click and Collect,104.26,104,True
O000474,U0059,2024-02-08 03:02:38,Thursday,In-Store,126.07,126,True
O000068,U0009,2024-02-08 03:03:43,Thursday,In-Store,13.89,13,True
O000275,U0033,2024-02-08 13:43:08,Thursday,Click and Collect,104.05,104,False
O000305,U0036,2024-02-08 17:19:00,Thursday,In-Store,119.28,119,True
O000085,U0012,2024-02-08 20:25:06,Thursday,In-Store,88.89,88,False
O000557,U0068,2024-02-08 22:24:56,Thursday,In-Store,85.11,85,False
O000216,U0027,2024-02-08 22:27:00,Thursday,In-Store,98.78,98,True
O000173,U0024,2024-02-09 06:53:13,Friday,Click and Collect,152.24,152,False
O000214,U0027,2024-02-09 12:33:48,Friday,In-Store,95.35,95,False
O000321,U0038,2024-02-09 17:27:31,Friday,Click and Collect,81.51,81,True
O000397,U0049,2024-02-09 18:58:57,Friday,In-Store,171.25,171,True
O000637,U0075,2024-02-09 19:30:24,Friday,In-Store,174.79,174,False
O000367,U0044,2024-02-10 03:40:17,Saturday,Click and Collect,61.31,61,False
O000439,U0056,2024-02-10 05:20:58,Saturday,Click and Collect,75.91,75,True
O000063,U0008,2024-02-10 08:20:33,Saturday,Click and Collect,203.95,203,False
O000330,U0039,2024-02-10 11:26:23,Saturday,In-Store,36.81,36,True
O000320,U0038,2024-02-10 13:14:56,Saturday,Click and Collect,134.74,134,False
O000122,U0018,2024-02-10 19:46:37,Saturday,In-Store,59.16,59,False
O000361,U0043,2024-02-11 05:40:09,Sunday,Click and Collect,171.74,171,False
O000200,U0026,2024-02-11 06:12:26,Sunday,Click and Collect,69.64,69,False
O000380,U0046,2024-02-11 12:43:35,Sunday,In-Store,22.19,22,False
O000188,U0025,2024-02-11 23:16:21,Sunday,In-Store,82.33,82,True
O000371,U0045,2024-02-12 10:08:46,Monday,In-Store,103.42,103,True
O000466,U0059,2024-02-12 11:50:44,Monday,In-Store,77.15,77,True
O000416,U0051,2024-02-12 11:59:22,Monday,Click and Collect,100.31,100,False
O000480,U0060,2024-02-13 21:15:42,Tuesday,In-Store,18.89,18,False
O000556,U0068,2024-02-14 03:46:04,Wednesday,In-Store,82.41,82,True
O000271,U0032,2024-02-14 05:04:34,Wednesday,Click and Collect,123.96,123,False
O000492,U0061,2024-02-14 22:02:56,Wednesday,In-Store,56.94,56,False
O000081,U0011,2024-02-15 20:01:53,Thursday,In-Store,95.91,95,True
O000415,U0051,2024-02-15 21:06:27,Thursday,Click and Collect,89.12,89,False
O000053,U0007,2024-02-16 01:03:05,Friday,In-Store,156.37,156,True
O000057,U0007,2024-02-16 08:06:32,Friday,In-Store,149.09,149,True
O000181,U0024,2024-02-16 10:20:10,Friday,Click and Collect,265.51,265,False
O000447,U0057,2024-02-16 18:47:06,Friday,In-Store,96.45,96,True
O000441,U0056,2024-02-17 02:12:33,Saturday,In-Store,55.31,55,False
O000352,U0042,2024-02-17 05:33:40,Saturday,In-Store,166.85,166,True
O000040,U0006,2024-02-17 14:51:38,Saturday,Click and Collect,202.38,202,False
O000113,U0017,2024-02-17 18:06:31,Saturday,In-Store,276.21,276,False
O000428,U0054,2024-02-18 04:53:26,Sunday,In-Store,39.54,39,False
O000025,U0004,2024-02-18 13:28:04,Sunday,In-Store,146.34,146,True
O000424,U0053,2024-02-18 19:03:19,Sunday,In-Store,66.01,66,True
O000337,U0040,2024-02-18 20:30:29,Sunday,In-Store,259.83,259,False
O000137,U0019,2024-02-18 22:07:34,Sunday,In-Store,93.06,93,False
O000009,U0002,2024-02-19 04:31:22,Monday,Click and Collect,71.24,71,False
O000465,U0059,2024-02-21 00:35:14,Wednesday,Click and Collect,197.12,197,True
O000334,U0040,2024-02-21 01:41:59,Wednesday,In-Store,138.29,138,False
O000050,U0007,2024-02-23 04:26:08,Friday,In-Store,65.48,65,False
O000535,U0065,2024-02-23 10:04:09,Friday,In-Store,190.51,190,True
O000456,U0058,2024-02-23 10:06:02,Friday,In-Store,293.79,293,False
O000247,U0030,2024-02-23 12:02:30,Friday,In-Store,183.54,183,True
O000472,U0059,2024-02-23 18:54:18,Friday,In-Store,113.98,113,True
O000455,U0058,2024-02-24 10:26:11,Saturday,Click and Collect,157.19,157,False
O000590,U0070,2024-02-24 13:29:32,Saturday,Click and Collect,192.82,192,False
O000303,U0035,2024-02-24 20:23:54,Saturday,In-Store,170.2,170,False
O000007,U0001,2024-02-25 06:41:25,Sunday,In-Store,148.13,148,False
O000526,U0064,2024-02-25 19:42:23,Sunday,In-Store,98.57,98,True
O000523,U0063,2024-02-26 20:28:17,Monday,In-Store,78.76,78,False
O000433,U0055,2024-02-26 20:46:45,Monday,In-Store,128.02,128,True
O000240,U0029,2024-02-27 03:10:53,Tuesday,In-Store,117.62,117,True
O000125,U0018,2024-02-27 07:01:24,Tuesday,In-Store,91.63,91,True
O000083,U0011,2024-02-27 18:05:28,Tuesday,In-Store,81.99,81,True
O000589,U0070,2024-02-27 20:12:54,Tuesday,In-Store,43.67,43,False
O000585,U0070,2024-02-28 03:49:49,Wednesday,Click and Collect,282.12,282,False
O000117,U0017,2024-02-28 12:57:25,Wednesday,In-Store,178.35,178,True
O000168,U0023,2024-02-28 12:58:54,Wednesday,In-Store,216.4,216,False
O000626,U0074,2024-02-28 16:27:25,Wednesday,In-Store,80.84,80,False
O000141,U0020,2024-02-28 20:33:06,Wednesday,Click and Collect,80.62,80,False
O000509,U0062,2024-02-29 04:09:35,Thursday,Click and Collect,141.77,141,False
O000220,U0028,2024-02-29 05:07:10,Thursday,In-Store,68.27,68,False
O000276,U0033,2024-03-01 04:37:10,Friday,In-Store,139.18,139,False
O000558,U0068,2024-03-01 14:17:20,Friday,In-Store,72.88,72,True
O000530,U0064,2024-03-01 20:50:01,Friday,In-Store,88.36,88,False
O000634,U0075,2024-03-02 04:17:31,Saturday,In-Store,182.33,182,True
O000525,U0063,2024-03-02 05:59:36,Saturday,In-Store,108.11,108,True
O000605,U0071,2024-03-02 19:07:46,Saturday,In-Store,33.36,33,False
O000554,U0067,2024-03-02 19:34:31,Saturday,In-Store,47.13,47,False
O000259,U0031,2024-03-03 00:31:41,Sunday,In-Store,297.45,297,True
O000280,U0033,2024-03-03 16:42:48,Sunday,In-Store,91.44,91,False
O000092,U0013,2024-03-03 18:05:07,Sunday,In-Store,231.62,231,True
O000136,U0019,2024-03-03 19:00:11,Sunday,In-Store,33.95,33,True
O000390,U0048,2024-03-05 03:33:37,Tuesday,In-Store,138.72,138,True
O000573,U0069,2024-03-05 12:46:25,Tuesday,In-Store,135.5,135,False
O000126,U0018,2024-03-05 19:25:27,Tuesday,In-Store,106.57,106,False
O000596,U0071,2024-03-05 22:58:59,Tuesday,In-Store,13.39,13,True
O000593,U0071,2024-03-06 02:20:12,Wednesday,In-Store,288.45,288,False
O000515,U0063,2024-03-06 08:57:06,Wednesday,In-Store,92.85,92,True
O000282,U0033,2024-03-06 11:43:13,Wednesday,In-Store,49.46,49,True
O000103,U0014,2024-03-06 16:36:33,Wednesday,Click and Collect,351.2,351,True
O000293,U0034,2024-03-06 23:12:38,Wednesday,Click and Collect,29.98,29,False
O000405,U0050,2024-03-07 01:22:55,Thursday,Click and Collect,77.19,77,True
O000438,U0056,2024-03-07 01:50:34,Thursday,Click and Collect,76.07,76,False
O000548,U0066,2024-03-07 11:19:57,Thursday,Click and Collect,254.77,254,False
O000425,U0053,2024-03-07 13:11:10,Thursday,In-Store,112.86,112,False
O000484,U0060,2024-03-07 19:00:48,Thursday,In-Store,95.26,95,True
O000241,U0029,2024-03-07 23:37:05,Thursday,In-Store,193.01,193,True
O000212,U0027,2024-03-08 17:41:04,Friday,In-Store,193.62,193,False
O000518,U0063,2024-03-09 10:02:19,Saturday,In-Store,204.36,204,True
O000175,U0024,2024-03-09 11:16:33,Saturday,Click and Collect,103.67,103,True
O000161,U0023,2024-03-09 14:27:28,Saturday,In-Store,157.12,157,True
O000208,U0027,2024-03-09 20:42:21,Saturday,In-Store,65.72,65,True
O000243,U0029,2024-03-09 22:22:51,Saturday,In-Store,133.65,133,True
O000205,U0026,2024-03-10 08:38:47,Sunday,Click and Collect,70.94,70,False
O000223,U0028,2024-03-10 15:46:24,Sunday,Click and Collect,153.76,153,False
O000304,U0035,2024-03-11 14:18:49,Monday,In-Store,162.47,162,False
O000071,U0010,2024-03-11 15:00:41,Monday,In-Store,78.68,78,False
O000326,U0039,2024-03-11 16:31:30,Monday,In-Store,53.61,53,True
O000047,U0007,2024-03-11 22:40:45,Monday,In-Store,134.11,134,True
O000231,U0029,2024-03-12 18:11:01,Tuesday,In-Store,109.82,109,True
O000147,U0021,2024-03-12 23:59:02,Tuesday,In-Store,73.24,73,False
O000347,U0041,2024-03-13 03:37:41,Wednesday,In-Store,49.07,49,False
O000244,U0030,2024-03-13 15:55:32,Wednesday,In-Store,89.88,89,True
O000032,U0005,2024-03-13 15:58:17,Wednesday,In-Store,306.82,306,True
O000128,U0018,2024-03-13 18:13:45,Wednesday,In-Store,46.51,46,True
O000154,U0022,2024-03-14 02:52:37,Thursday,In-Store,143.19,143,False
O000151,U0021,2024-03-14 04:59:43,Thursday,In-Store,230.91,230,False
O000377,U0046,2024-03-14 09:07:18,Thursday,In-Store,67.45,67,False
O000537,U0065,2024-03-14 14:48:08,Thursday,In-Store,70.63,70,False
O000042,U0006,2024-03-14 17:59:59,Thursday,In-Store,230.28,230,False
O000166,U0023,2024-03-14 20:34:18,Thursday,Click and Collect,101.09,101,True
O000302,U0035,2024-03-15 00:34:59,Friday,In-Store,38.39,38,False
O000414,U0051,2024-03-15 06:10:21,Friday,In-Store,140.72,140,False
O000201,U0026,2024-03-15 20:54:47,Friday,In-Store,91.27,91,True
O000196,U0025,2024-03-15 20:59:01,Friday,In-Store,92.67,92,False
O000412,U0051,2024-03-15 22:04:40,Friday,Click and Collect,131.0,131,True
O000446,U0057,2024-03-16 01:44:49,Saturday,In-Store,223.63,223,False
O000464,U0059,2024-03-16 07:50:57,Saturday,Click and Collect,19.78,19,False
O000546,U0066,2024-03-16 21:50:11,Saturday,In-Store,68.17,68,False
O000206,U0026,2024-03-16 22:18:51,Saturday,Click and Collect,102.16,102,True
O000131,U0019,2024-03-16 22:40:57,Saturday,In-Store,63.13,63,True
O000163,U0023,2024-03-17 18:30:20,Sunday,Click and Collect,69.33,69,False
O000385,U0048,2024-03-18 02:09:50,Monday,In-Store,131.55,131,False
O000579,U0070,2024-03-18 05:24:34,Monday,In-Store,98.6,98,False
O000419,U0052,2024-03-18 05:58:23,Monday,In-Store,31.29,31,True
O000453,U0058,2024-03-18 10:39:04,Monday,In-Store,117.6,117,False
O000521,U0063,2024-03-18 17:08:09,Monday,In-Store,100.78,100,True
O000319,U0038,2024-03-18 18:44:39,Monday,Click and Collect,169.44,169,True
O000182,U0024,2024-03-18 20:30:43,Monday,Click and Collect,146.25,146,True
O000288,U0034,2024-03-18 22:17:26,Monday,In-Store,191.82,191,False
O000162,U0023,2024-03-19 01:46:23,Tuesday,Click and Collect,60.35,60,False
O000400,U0049,2024-03-19 05:05:50,Tuesday,In-Store,227.02,227,False
O000048,U0007,2024-03-19 17:48:12,Tuesday,In-Store,84.63,84,True
O000460,U0058,2024-03-19 18:22:48,Tuesday,In-Store,168.78,168,True
O000388,U0048,2024-03-20 02:53:18,Wednesday,In-Store,61.29,61,False
O000051,U0007,2024-03-21 19:44:10,Thursday,In-Store,177.38,177,True
O000209,U0027,2024-03-21 20:09:21,Thursday,In-Store,105.56,105,False
O000066,U0008,2024-03-22 00:58:28,Friday,Click and Collect,77.68,77,False
O000279,U0033,2024-03-22 12:47:45,Friday,In-Store,60.61,60,True
O000250,U0030,2024-03-22 17:56:12,Friday,In-Store,161.54,161,True
O000096,U0013,2024-03-22 22:05:58,Friday,In-Store,88.13,88,False
O000452,U0058,2024-03-22 23:02:37,Friday,Click and Collect,37.54,37,True
O000077,U0011,2024-03-23 22:27:27,Saturday,In-Store,92.25,92,True
O000023,U0003,2024-03-24 00:33:14,Sunday,Click and Collect,43.95,43,True
O000442,U0056,2024-03-24 03:28:21,Sunday,In-Store,87.97,87,True
O000167,U0023,2024-03-24 16:10:28,Sunday,Click and Collect,121.49,121,False
O000336,U0040,2024-03-25 00:43:18,Monday,In-Store,185.63,185,True
O000314,U0038,2024-03-25 01:15:22,Monday,Click and Collect,202.03,202,True
O000586,U0070,2024-03-25 03:16:56,Monday,Click and Collect,192.45,192,True
O000608,U0072,2024-03-25 05:47:11,Monday,Click and Collect,22.99,22,True
O000631,U0074,2024-03-25 17:51:10,Monday,In-Store,123.2,123,False
O000342,U0040,2024-03-25 18:56:16,Monday,In-Store,198.56,198,False
O000333,U0039,2024-03-26 01:40:52,Tuesday,In-Store,94.26,94,False
O000423,U0053,2024-03-27 01:03:48,Wednesday,In-Store,252.42,252,True
O000034,U0006,2024-03-27 03:32:52,Wednesday,Click and Collect,23.2,23,True
O000597,U0071,2024-03-27 06:09:17,Wednesday,In-Store,147.26,147,True
O000519,U0063,2024-03-27 10:05:30,Wednesday,In-Store,112.61,112,True
O000111,U0017,2024-03-27 14:25:40,Wednesday,In-Store,46.63,46,False
O000001,U0001,2024-03-28 12:32:57,Thursday,In-Store,70.3,70,False
O000313,U0038,2024-03-28 12:49:10,Thursday,Click and Collect,185.22,185,False
O000491,U0061,2024-03-28 13:09:23,Thursday,In-Store,143.4,143,False
O000431,U0054,2024-03-28 15:10:12,Thursday,In-Store,138.0,137,False
O000238,U0029,2024-03-28 19:43:57,Thursday,In-Store,63.44,63,False
O000204,U0026,2024-03-28 21:20:42,Thursday,Click and Collect,111.36,111,True
O000037,U0006,2024-03-28 23:00:49,Thursday,Click and Collect,132.84,132,False
O000344,U0040,2024-03-28 23:36:10,Thursday,In-Store,43.83,43,True
O000045,U0007,2024-03-29 01:12:03,Friday,In-Store,78.38,78,True
O000207,U0026,2024-03-29 03:07:56,Friday,Click and Collect,120.01,120,True
O000184,U0024,2024-03-29 06:29:24,Friday,Click and Collect,93.54,93,True
O000358,U0042,2024-03-29 08:13:56,Friday,In-Store,224.21,224,False
O000028,U0004,2024-03-29 10:01:41,Friday,In-Store,212.07,212,True
O000401,U0049,2024-03-29 16:29:46,Friday,In-Store,347.6,347,True
O000060,U0008,2024-03-29 22:37:28,Friday,In-Store,60.72,60,True
O000543,U0066,2024-03-30 16:15:42,Saturday,Click and Collect,106.7,106,True
O000473,U0059,2024-04-01 04:51:03,Monday,Click and Collect,228.02,228,False
O000049,U0007,2024-04-01 12:02:33,Monday,In-Store,165.56,165,True
O000499,U0061,2024-04-01 18:33:28,Monday,In-Store,255.65,255,True
O000373,U0045,2024-04-01 23:44:31,Monday,In-Store,174.97,174,False
O000575,U0069,2024-04-02 02:14:12,Tuesday,In-Store,80.93,80,False
O000331,U0039,2024-04-02 05:03:46,Tuesday,In-Store,118.43,118,False
O000574,U0069,2024-04-02 09:47:55,Tuesday,In-Store,96.55,96,True
O000159,U0022,2024-04-02 14:20:14,Tuesday,In-Store,201.04,201,True
O000494,U0061,2024-04-03 04:40:22,Wednesday,In-Store,70.34,70,False
O000194,U0025,2024-04-03 12:18:05,Wednesday,In-Store,104.66,104,False
O000584,U0070,2024-04-03 12:30:02,Wednesday,Click and Collect,97.13,97,True
O000612,U0072,2024-04-03 15:02:13,Wednesday,In-Store,33.54,33,False
O000072,U0010,2024-04-04 02:05:12,Thursday,In-Store,111.55,111,False
O000445,U0056,2024-04-05 00:14:03,Friday,Click and Collect,73.02,73,True
O000022,U0003,2024-04-05 10:18:08,Friday,Click and Collect,61.62,61,True
O000203,U0026,2024-04-06 03:40:01,Saturday,Click and Collect,257.84,257,False
O000436,U0055,2024-04-06 05:37:33,Saturday,Click and Collect,28.62,28,False
O000318,U0038,2024-04-06 10:40:50,Saturday,Click and Collect,34.79,34,False
O000576,U0069,2024-04-07 01:17:24,Sunday,In-Store,184.03,184,False
O000498,U0061,2024-04-07 04:31:08,Sunday,In-Store,141.3,141,False
O000132,U0019,2024-04-07 13:42:11,Sunday,In-Store,229.99,229,True
O000169,U0023,2024-04-07 19:57:39,Sunday,In-Store,134.03,134,True
O000036,U0006,2024-04-08 15:13:01,Monday,Click and Collect,214.64,214,True
O000478,U0060,2024-04-08 15:39:50,Monday,In-Store,57.23,57,True
O000118,U0018,2024-04-08 19:38:11,Monday,In-Store,154.72,154,True
O000541,U0066,2024-04-08 20:47:57,Monday,Click and Collect,111.09,111,False
O000560,U0068,2024-04-09 03:44:22,Tuesday,In-Store,198.46,198,False
O000148,U0021,2024-04-09 23:40:23,Tuesday,Click and Collect,75.33,75,False
O000246,U0030,2024-04-10 06:19:15,Wednesday,In-Store,75.03,75,True
O000249,U0030,2024-04-10 09:32:00,Wednesday,In-Store,194.73,194,True
O000024,U0004,2024-04-10 17:19:46,Wednesday,In-Store,218.36,218,True
O000469,U0059,2024-04-11 09:52:47,Thursday,Click and Collect,152.88,152,True
O000006,U0001,2024-04-11 15:29:58,Thursday,In-Store,127.72,127,False
O000145,U0021,2024-04-11 22:30:00,Thursday,Click and Collect,70.92,70,False
O000476,U0060,2024-04-12 17:19:40,Friday,In-Store,184.45,184,False
O000572,U0069,2024-04-12 22:20:04,Friday,In-Store,58.88,58,True
O000274,U0033,2024-04-13 08:59:50,Saturday,Click and Collect,138.34,138,False
O000587,U0070,2024-04-13 13:16:54,Saturday,Click and Collect,162.03,162,False
O000375,U0046,2024-04-14 15:56:07,Sunday,In-Store,76.32,76,True
O000257,U0031,2024-04-15 03:22:36,Monday,In-Store,138.68,138,True
O000189,U0025,2024-04-15 09:27:30,Monday,In-Store,123.33,123,True
O000065,U0008,2024-04-15 13:52:59,Monday,Click and Collect,96.98,96,True
O000427,U0054,2024-04-15 14:39:18,Monday,In-Store,281.23,281,False
O000379,U0046,2024-04-16 07:25:51,Tuesday,In-Store,104.01,104,False
O000039,U0006,2024-04-17 04:44:22,Wednesday,In-Store,146.8,146,True
O000335,U0040,2024-04-17 09:19:06,Wednesday,In-Store,250.83,250,True
O000522,U0063,2024-04-17 10:42:54,Wednesday,In-Store,68.08,68,False
O000564,U0068,2024-04-18 08:59:20,Thursday,In-Store,181.22,181,True
O000406,U0050,2024-04-18 17:28:45,Thursday,In-Store,61.56,61,False
O000019,U0003,2024-04-18 20:59:35,Thursday,In-Store,58.4,58,False
O000270,U0032,2024-04-19 02:20:50,Friday,Click and Collect,163.47,163,False
O000389,U0048,2024-04-19 14:34:57,Friday,In-Store,230.62,230,True
O000581,U0070,2024-04-19 17:17:57,Friday,In-Store,247.7,247,True
O000547,U0066,2024-04-19 23:28:59,Friday,Click and Collect,120.57,120,True
O000510,U0062,2024-04-20 03:31:26,Saturday,Click and Collect,126.21,126,True
O000087,U0012,2024-04-20 03:32:36,Saturday,Click and Collect,186.41,186,False
O000513,U0062,2024-04-20 16:28:22,Saturday,In-Store,109.29,109,True
O000287,U0033,2024-04-21 18:36:33,Sunday,Click and Collect,289.84,289,False
O000078,U0011,2024-04-22 00:17:04,Monday,In-Store,161.47,161,True
O000577,U0069,2024-04-22 01:35:42,Monday,In-Store,124.63,124,True
O000482,U0060,2024-04-22 02:26:05,Monday,In-Store,72.9,72,True
O000532,U0065,2024-04-22 03:03:46,Monday,Click and Collect,46.84,46,False
O000449,U0058,2024-04-22 06:01:13,Monday,Click and Collect,106.97,106,False
O000553,U0067,2024-04-22 13:20:30,Monday,In-Store,264.13,264,True
O000327,U0039,2024-04-22 15:58:58,Monday,In-Store,192.1,192,True
O000021,U0003,2024-04-22 19:47:57,Monday,Click and Collect,231.18,231,False
O000533,U0065,2024-04-23 04:13:34,Tuesday,Click and Collect,90.85,90,True
O000549,U0066,2024-04-23 11:15:01,Tuesday,Click and Collect,20.52,20,False
O000562,U0068,2024-04-23 22:09:25,Tuesday,In-Store,255.42,255,True
O000635,U0075,2024-04-24 15:49:30,Wednesday,In-Store,102.8,102,True
O000197,U0025,2024-04-24 19:03:25,Wednesday,In-Store,60.95,60,False
O000054,U0007,2024-04-24 20:58:00,Wednesday,In-Store,106.19,106,True
O000263,U0031,2024-04-25 10:14:09,Thursday,In-Store,19.88,19,False
O000407,U0050,2024-04-26 07:32:49,Friday,Click and Collect,41.13,41,False
O000528,U0064,2024-04-26 08:52:36,Friday,In-Store,48.76,48,False
O000174,U0024,2024-04-26 10:23:31,Friday,Click and Collect,171.97,171,False
O000311,U0037,2024-04-27 13:38:16,Saturday,In-Store,185.18,185,True
O000391,U0049,2024-04-27 19:34:18,Saturday,In-Store,99.41,99,True
O000601,U0071,2024-04-27 22:01:41,Saturday,In-Store,206.73,206,True
O000027,U0004,2024-04-28 01:24:37,Sunday,In-Store,100.01,100,True
O000617,U0072,2024-04-28 01:51:37,Sunday,In-Store,72.22,72,True
O000218,U0028,2024-04-28 02:07:57,Sunday,In-Store,111.95,111,False
O000382,U0047,2024-04-28 11:14:59,Sunday,In-Store,159.54,159,False
O000395,U0049,2024-04-28 20:26:30,Sunday,In-Store,198.1,198,False
O000090,U0013,2024-04-29 00:28:05,Monday,In-Store,199.83,199,True
O000235,U0029,2024-04-29 02:12:13,Monday,In-Store,106.32,106,True
O000046,U0007,2024-04-29 05:17:25,Monday,In-Store,165.96,165,True
O000434,U0055,2024-04-29 05:49:16,Monday,Click and Collect,113.87,113,False
O000353,U0042,2024-04-29 07:08:26,Monday,In-Store,51.28,51,True
O000256,U0031,2024-04-29 12:49:03,Monday,In-Store,157.82,157,False
O000120,U0018,2024-04-29 15:14:55,Monday,In-Store,99.13,99,True
O000467,U0059,2024-04-29 16:00:32,Monday,In-Store,175.12,175,True
O000239,U0029,2024-04-29 17:02:40,Monday,In-Store,191.11,191,False
O000350,U0041,2024-04-29 18:29:19,Monday,In-Store,286.64,286,False
O000349,U0041,2024-04-29 18:50:34,Monday,In-Store,94.07,94,False
O000527,U0064,2024-04-29 21:41:27,Monday,In-Store,160.94,160,False
O000109,U0016,2024-04-30 03:22:11,Tuesday,Click and Collect,196.2,196,True
O000568,U0069,2024-04-30 09:25:20,Tuesday,In-Store,147.61,147,True
O000387,U0048,2024-04-30 14:54:08,Tuesday,In-Store,71.1,71,True
O000611,U0072,2024-04-30 20:31:31,Tuesday,In-Store,227.45,227,True
O000033,U0005,2024-04-30 23:08:02,Tuesday,Click and Collect,18.91,18,False
O000258,U0031,2024-05-01 05:17:11,Wednesday,In-Store,95.15,95,False
O000038,U0006,2024-05-01 09:42:35,Wednesday,Click and Collect,79.86,79,False
O000393,U0049,2024-05-01 13:33:49,Wednesday,In-Store,70.4,70,True
O000102,U0014,2024-05-02 05:24:17,Thursday,In-Store,126.6,126,True
O000604,U0071,2024-05-02 09:00:37,Thursday,In-Store,126.17,126,False
O000155,U0022,2024-05-02 18:53:15,Thursday,In-Store,117.89,117,True
O000272,U0032,2024-05-03 04:23:47,Friday,Click and Collect,66.0,66,True
O000233,U0029,2024-05-03 19:57:56,Friday,In-Store,81.41,81,True
O000297,U0034,2024-05-04 10:57:41,Saturday,Click and Collect,76.22,76,True
O000451,U0058,2024-05-04 11:59:27,Saturday,In-Store,149.41,149,False
O000052,U0007,2024-05-05 05:16:09,Sunday,In-Store,87.15,87,True
O000322,U0038,2024-05-05 19:06:25,Sunday,In-Store,178.32,178,True
O000493,U0061,2024-05-05 23:23:11,Sunday,In-Store,171.39,171,False
O000471,U0059,2024-05-07 03:44:46,Tuesday,Click and Collect,69.19,69,True
O000225,U0028,2024-05-07 14:07:06,Tuesday,In-Store,166.01,166,False
O000012,U0002,2024-05-07 18:08:07,Tuesday,Click and Collect,101.58,101,True
O000149,U0021,2024-05-07 20:04:55,Tuesday,In-Store,22.73,22,False
O000356,U0042,2024-05-07 20:23:19,Tuesday,In-Store,82.27,82,False
O000516,U0063,2024-05-08 03:45:06,Wednesday,In-Store,253.64,253,True
O000490,U0061,2024-05-08 22:19:31,Wednesday,In-Store,87.5,87,False
O000165,U0023,2024-05-09 09:19:29,Thursday,In-Store,25.73,25,True
O000281,U0033,2024-05-09 18:45:59,Thursday,Click and Collect,142.88,142,False
O000507,U0062,2024-05-10 00:36:25,Friday,In-Store,43.46,43,False
O000089,U0013,2024-05-10 08:18:27,Friday,In-Store,55.76,55,False
O000346,U0041,2024-05-11 13:29:50,Saturday,In-Store,295.66,295,False
O000043,U0006,2024-05-11 14:23:43,Saturday,In-Store,71.11,71,True
O000325,U0039,2024-05-11 15:47:55,Saturday,In-Store,108.35,108,False
O000114,U0017,2024-05-12 03:36:47,Sunday,In-Store,185.7,185,False
O000115,U0017,2024-05-12 04:12:01,Sunday,In-Store,133.74,133,True
O000625,U0073,2024-05-12 05:12:06,Sunday,In-Store,56.24,56,True
O000273,U0033,2024-05-12 19:27:09,Sunday,Click and Collect,97.83,97,False
O000158,U0022,2024-05-12 19:34:27,Sunday,In-Store,155.96,155,False
O000030,U0005,2024-05-13 04:13:35,Monday,Click and Collect,144.96,144,False
O000628,U0074,2024-05-13 08:05:23,Monday,In-Store,162.61,162,False
O000545,U0066,2024-05-13 12:10:45,Monday,Click and Collect,39.55,39,True
O000055,U0007,2024-05-14 14:21:32,Tuesday,In-Store,253.54,253,False
O000064,U0008,2024-05-14 19:24:59,Tuesday,In-Store,54.08,54,True
O000627,U0074,2024-05-14 20:07:21,Tuesday,In-Store,120.78,120,False
O000508,U0062,2024-05-14 20:20:52,Tuesday,Click and Collect,157.18,157,True
O000245,U0030,2024-05-15 01:15:38,Wednesday,In-Store,123.37,123,False
O000363,U0043,2024-05-15 03:09:38,Wednesday,Click and Collect,109.21,109,True
O000332,U0039,2024-05-15 08:51:58,Wednesday,In-Store,77.43,77,True
O000143,U0020,2024-05-15 10:27:08,Wednesday,In-Store,57.53,57,True
O000133,U0019,2024-05-15 13:07:14,Wednesday,In-Store,219.8,219,True
O000084,U0012,2024-05-15 15:09:46,Wednesday,Click and Collect,75.86,75,False
O000462,U0058,2024-05-15 15:51:49,Wednesday,In-Store,167.99,167,False
O000459,U0058,2024-05-15 18:10:02,Wednesday,Click and Collect,155.94,155,True
O000487,U0060,2024-05-17 02:36:13,Friday,In-Store,67.35,67,True
O000044,U0006,2024-05-17 11:52:08,Friday,In-Store,75.84,75,True
O000029,U0004,2024-05-17 14:15:18,Friday,In-Store,78.25,78,True
O000191,U0025,2024-05-17 20:57:20,Friday,In-Store,147.34,147,True
O000502,U0061,2024-05-18 00:21:40,Saturday,In-Store,131.39,131,True
O000357,U0042,2024-05-18 03:12:07,Saturday,In-Store,84.49,84,True
O000316,U0038,2024-05-18 05:43:47,Saturday,Click and Collect,132.53,132,False
O000124,U0018,2024-05-18 08:25:46,Saturday,In-Store,74.14,74,True
O000264,U0031,2024-05-18 11:11:17,Saturday,In-Store,145.8,145,False
O000098,U0014,2024-05-18 16:50:03,Saturday,Click and Collect,78.5,78,False
O000450,U0058,2024-05-18 19:31:00,Saturday,Click and Collect,45.94,45,True
O000074,U0010,2024-05-18 23:30:42,Saturday,In-Store,157.6,157,False
O000413,U0051,2024-05-19 08:00:00,Sunday,Click and Collect,77.62,77,False
O000435,U0055,2024-05-19 18:06:44,Sunday,Click and Collect,63.7,63,False
O000291,U0034,2024-05-19 19:56:18,Sunday,Click and Collect,209.31,209,False
O000630,U0074,2024-05-19 23:46:39,Sunday,In-Store,198.65,198,False
O000262,U0031,2024-05-20 04:44:12,Monday,In-Store,99.35,99,False
O000187,U0025,2024-05-20 06:05:48,Monday,In-Store,71.92,71,False
O000461,U0058,2024-05-21 14:15:19,Tuesday,In-Store,236.87,236,False
O000621,U0072,2024-05-21 14:17:36,Tuesday,Click and Collect,68.02,68,False
O000384,U0048,2024-05-21 14:36:11,Tuesday,In-Store,128.32,128,True
O000481,U0060,2024-05-21 17:31:53,Tuesday,In-Store,209.47,209,True
O000226,U0028,2024-05-22 07:05:15,Wednesday,In-Store,157.68,157,True
O000365,U0044,2024-05-23 06:41:04,Thursday,In-Store,176.45,176,False
O000139,U0019,2024-05-23 13:10:51,Thursday,In-Store,183.42,183,True
O000475,U0059,2024-05-23 16:12:30,Thursday,In-Store,116.5,116,False
O000253,U0031,2024-05-23 18:38:59,Thursday,In-Store,94.03,94,False
O000351,U0042,2024-05-24 04:24:38,Friday,In-Store,102.91,102,False
O000005,U0001,2024-05-24 10:42:37,Friday,In-Store,185.93,185,False
O000232,U0029,2024-05-24 12:35:04,Friday,In-Store,159.54,159,True
O000106,U0015,2024-05-24 22:55:29,Friday,In-Store,84.21,84,False
O000248,U0030,2024-05-25 03:10:32,Saturday,In-Store,274.7,274,True
O000013,U0003,2024-05-25 11:29:55,Saturday,Click and Collect,257.08,257,False
O000544,U0066,2024-05-25 18:17:45,Saturday,Click and Collect,41.8,41,True
O000536,U0065,2024-05-26 12:25:50,Sunday,In-Store,180.0,180,True
O000595,U0071,2024-05-26 14:38:26,Sunday,In-Store,96.24,96,False
O000582,U0070,2024-05-26 14:48:07,Sunday,In-Store,96.76,96,False
O000312,U0038,2024-05-26 17:35:05,Sunday,In-Store,96.58,96,False
O000213,U0027,2024-05-26 18:20:52,Sunday,In-Store,135.32,135,True
O000550,U0066,2024-05-27 01:57:49,Monday,In-Store,131.78,131,True
O000153,U0022,2024-05-27 03:12:14,Monday,In-Store,149.87,149,True
O000383,U0047,2024-05-27 06:23:32,Monday,In-Store,114.97,114,False
O000252,U0030,2024-05-28 04:05:58,Tuesday,In-Store,71.62,71,False
O000609,U0072,2024-05-28 10:31:44,Tuesday,Click and Collect,73.3,73,True
O000599,U0071,2024-05-28 13:07:53,Tuesday,In-Store,151.29,151,False
O000255,U0031,2024-05-28 21:42:15,Tuesday,In-Store,119.22,119,False
O000269,U0032,2024-05-28 22:42:20,Tuesday,Click and Collect,218.16,218,True
O000091,U0013,2024-05-29 04:19:13,Wednesday,In-Store,116.75,116,False
O000359,U0042,2024-05-29 07:20:15,Wednesday,In-Store,110.87,110,True
O000017,U0003,2024-05-29 10:58:29,Wednesday,Click and Collect,162.2,162,False
O000598,U0071,2024-05-29 17:34:26,Wednesday,In-Store,146.45,146,False
O000571,U0069,2024-05-29 20:23:29,Wednesday,In-Store,65.49,65,True
O000082,U0011,2024-05-30 03:19:50,Thursday,In-Store,252.33,252,True
O000234,U0029,2024-05-30 05:37:06,Thursday,In-Store,118.23,118,True
O000542,U0066,2024-05-30 14:50:09,Thursday,In-Store,144.8,144,False
O000011,U0002,2024-05-30 16:29:57,Thursday,In-Store,63.21,63,False
O000409,U0051,2024-05-30 17:58:38,Thursday,Click and Collect,110.07,110,True
O000267,U0032,2024-05-30 22:55:38,Thursday,In-Store,130.31,130,True
O000080,U0011,2024-05-31 21:28:24,Friday,In-Store,76.35,76,True
O000127,U0018,2024-06-01 01:38:31,Saturday,In-Store,99.62,99,True
O000295,U0034,2024-06-01 05:59:48,Saturday,Click and Collect,20.01,20,False
O000237,U0029,2024-06-01 09:18:05,Saturday,In-Store,94.8,94,True
O000002,U0001,2024-06-01 11:55:00,Saturday,In-Store,146.64,146,False
O000123,U0018,2024-06-02 07:44:44,Sunday,In-Store,88.13,88,False
O000403,U0050,2024-06-02 12:07:39,Sunday,In-Store,90.98,90,False
O000386,U0048,2024-06-02 13:04:40,Sunday,In-Store,204.97,204,True
O000308,U0037,2024-06-02 14:10:33,Sunday,In-Store,216.63,216,True
O000497,U0061,2024-06-02 17:37:21,Sunday,In-Store,91.05,91,False
O000503,U0062,2024-06-03 00:36:59,Monday,Click and Collect,100.7,100,False
O000266,U0032,2024-06-03 19:32:48,Monday,In-Store,176.02,176,False
O000632,U0074,2024-06-03 20:56:51,Monday,In-Store,77.82,77,True
O000418,U0052,2024-06-04 02:10:29,Tuesday,In-Store,227.56,227,True
O000284,U0033,2024-06-04 09:28:54,Tuesday,Click and Collect,188.22,188,False
O000561,U0068,2024-06-04 13:04:10,Tuesday,In-Store,101.3,101,False
O000520,U0063,2024-06-04 20:58:56,Tuesday,In-Store,135.69,135,False
O000254,U0031,2024-06-05 00:48:56,Wednesday,In-Store,198.47,198,False
O000261,U0031,2024-06-05 01:27:09,Wednesday,In-Store,180.77,180,True
O000555,U0067,2024-06-05 07:11:54,Wednesday,In-Store,128.57,128,True
O000100,U0014,2024-06-05 16:01:58,Wednesday,Click and Collect,87.4,87,True
O000477,U0060,2024-06-05 16:23:42,Wednesday,In-Store,33.56,33,False
O000210,U0027,2024-06-05 19:08:03,Wednesday,In-Store,173.25,173,False
O000076,U0011,2024-06-05 23:04:29,Wednesday,In-Store,120.09,120,False
O000592,U0070,2024-06-06 01:31:24,Thursday,Click and Collect,120.16,120,False
O000341,U0040,2024-06-06 04:46:40,Thursday,In-Store,77.21,77,False
O000619,U0072,2024-06-06 10:24:03,Thursday,Click and Collect,45.32,45,False
O000296,U0034,2024-06-06 11:06:07,Thursday,In-Store,247.86,247,True
O000020,U0003,2024-06-06 15:41:41,Thursday,Click and Collect,128.47,128,True
O000329,U0039,2024-06-07 03:49:07,Friday,In-Store,100.69,100,False
O000489,U0061,2024-06-07 09:22:33,Friday,In-Store,108.02,108,False
O000328,U0039,2024-06-07 12:02:20,Friday,In-Store,307.95,307,True
O000458,U0058,2024-06-07 12:08:52,Friday,In-Store,124.11,124,False
O000534,U0065,2024-06-08 05:29:05,Saturday,Click and Collect,143.49,143,True
O000277,U0033,2024-06-08 20:37:34,Saturday,Click and Collect,101.9,101,False
O000170,U0023,2024-06-08 23:48:01,Saturday,Click and Collect,172.41,172,False
O000606,U0071,2024-06-09 14:25:16,Sunday,In-Store,165.51,165,True
O000112,U0017,2024-06-10 01:09:09,Monday,In-Store,224.49,224,False
O000172,U0024,2024-06-10 06:29:25,Monday,In-Store,66.1,66,True
O000505,U0062,2024-06-10 11:59:20,Monday,In-Store,189.91,189,True
O000150,U0021,2024-06-10 15:03:04,Monday,In-Store,220.76,220,False
O000551,U0066,2024-06-10 20:53:03,Monday,Click and Collect,62.01,62,True
O000086,U0012,2024-06-11 01:53:10,Tuesday,In-Store,93.62,93,True
O000588,U0070,2024-06-11 07:49:38,Tuesday,Click and Collect,16.83,16,True
O000152,U0021,2024-06-11 13:42:44,Tuesday,Click and Collect,182.3,182,False
O000426,U0054,2024-06-11 18:54:15,Tuesday,In-Store,27.15,27,True
O000134,U0019,2024-06-11 19:40:26,Tuesday,In-Store,25.92,25,True
O000624,U0073,2024-06-12 04:20:41,Wednesday,In-Store,12.36,12,True
O000339,U0040,2024-06-13 12:07:13,Thursday,In-Store,31.43,31,True
O000198,U0026,2024-06-13 19:05:58,Thursday,In-Store,57.75,57,True
O000260,U0031,2024-06-14 02:43:37,Friday,In-Store,73.62,73,True
O000404,U0050,2024-06-14 12:51:07,Friday,Click and Collect,159.95,159,True
O000539,U0065,2024-06-15 01:48:07,Saturday,Click and Collect,59.75,59,True
O000504,U0062,2024-06-15 04:47:45,Saturday,Click and Collect,206.45,206,True
O000501,U0061,2024-06-15 14:27:16,Saturday,In-Store,46.27,46,False
O000222,U0028,2024-06-15 16:57:56,Saturday,In-Store,106.74,106,True
O000615,U0072,2024-06-16 17:57:47,Sunday,Click and Collect,104.3,104,True
O000614,U0072,2024-06-17 03:51:32,Monday,Click and Collect,108.97,108,True
O000552,U0066,2024-06-17 04:52:38,Monday,Click and Collect,66.8,66,True
O000566,U0069,2024-06-17 13:45:47,Monday,In-Store,99.24,99,False
O000026,U0004,2024-06-17 16:59:16,Monday,In-Store,66.54,66,True
O000140,U0020,2024-06-17 21:52:22,Monday,Click and Collect,24.34,24,True
O000610,U0072,2024-06-18 01:49:36,Tuesday,Click and Collect,141.55,141,True
O000101,U0014,2024-06-18 02:32:45,Tuesday,Click and Collect,85.64,85,False
O000443,U0056,2024-06-18 20:01:08,Tuesday,Click and Collect,119.8,119,True
O000286,U0033,2024-06-19 03:35:06,Wednesday,In-Store,118.42,118,True
O000399,U0049,2024-06-19 05:27:10,Wednesday,In-Store,80.82,80,False
O000073,U0010,2024-06-19 21:40:58,Wednesday,In-Store,40.68,40,False
O000299,U0034,2024-06-20 06:09:38,Thursday,In-Store,214.88,214,True
O000468,U0059,2024-06-20 19:12:26,Thursday,In-Store,76.76,76,True
O000448,U0057,2024-06-20 19:27:47,Thursday,In-Store,147.81,147,True
O000056,U0007,2024-06-21 10:16:37,Friday,In-Store,66.42,66,False
O000578,U0069,2024-06-21 11:10:57,Friday,In-Store,105.45,105,True
O000003,U0001,2024-06-21 17:59:15,Friday,In-Store,119.61,119,True
O000104,U0015,2024-06-21 21:11:19,Friday,In-Store,235.14,235,True
O000135,U0019,2024-06-22 08:13:34,Saturday,In-Store,121.58,121,False
O000107,U0016,2024-06-22 15:31:14,Saturday,Click and Collect,112.25,112,False
O000402,U0050,2024-06-22 19:54:57,Saturday,Click and Collect,150.54,150,True
O000242,U0029,2024-06-22 23:26:42,Saturday,In-Store,58.48,58,False
O000437,U0055,2024-06-23 02:20:44,Sunday,In-Store,191.05,191,True
O000633,U0075,2024-06-23 08:04:59,Sunday,In-Store,144.98,144,False
O000565,U0068,2024-06-23 16:46:02,Sunday,In-Store,24.05,24,False
O000227,U0028,2024-06-23 17:42:34,Sunday,Click and Collect,208.88,208,True
O000430,U0054,2024-06-23 22:11:00,Sunday,In-Store,42.64,42,True
O000602,U0071,2024-06-24 00:08:27,Monday,In-Store,237.87,237,True
O000301,U0034,2024-06-24 01:35:14,Monday,In-Store,74.46,74,True
O000315,U0038,2024-06-24 02:57:09,Monday,Click and Collect,130.39,130,False
O000392,U0049,2024-06-24 04:46:58,Monday,In-Store,234.01,234,False
O000309,U0037,2024-06-24 15:26:16,Monday,In-Store,156.28,156,True
O000398,U0049,2024-06-24 17:48:18,Monday,In-Store,202.19,202,True
O000298,U0034,2024-06-25 19:59:34,Tuesday,Click and Collect,109.81,109,False
O000524,U0063,2024-06-26 11:27:30,Wednesday,In-Store,233.58,233,True
O000069,U0009,2024-06-27 15:58:04,Thursday,In-Store,151.66,151,True
O000616,U0072,2024-06-28 00:01:05,Friday,Click and Collect,108.05,108,True
O000129,U0018,2024-06-28 01:30:12,Friday,In-Store,114.39,114,False
O000035,U0006,2024-06-28 04:29:06,Friday,In-Store,91.12,91,True
O000396,U0049,2024-06-28 04:41:39,Friday,In-Store,234.89,234,True
O000495,U0061,2024-06-28 07:09:23,Friday,In-Store,35.14,35,True
O000372,U0045,2024-06-28 20:32:10,Friday,In-Store,143.59,143,True
O000093,U0013,2024-06-29 17:13:31,Saturday,In-Store,83.04,83,True
O000010,U0002,2024-06-29 18:04:11,Saturday,In-Store,258.28,258,False
